ticker,company_name,exchange,gics_sub_industry,gics_name,market_cap,addv_usd,mcap_tier,in_xbi,in_ibb,source,universe_date
ABBV,AbbVie Inc.,NYSE,35202010,Pharmaceuticals,407156260864.0,1572772232.5443623,large_cap,True,False,EDGAR,2026-03-19
AMGN,Amgen Inc.,NASDAQ,35201010,Biotechnology,199085768704.0,1030228106.8226186,large_cap,True,True,EDGAR,2026-03-19
GILD,"Gilead Sciences, Inc.",NASDAQ,35201010,Biotechnology,178733531136.0,1041435715.8650609,large_cap,True,True,EDGAR,2026-03-19
VRTX,Vertex Pharmaceuticals Incorpor,NASDAQ,35202010,Pharmaceuticals,116029743104.0,733252367.1864655,large_cap,True,True,EDGAR,2026-03-19
REGN,"Regeneron Pharmaceuticals, Inc.",NASDAQ,35202010,Pharmaceuticals,80368197632.0,523487457.91648763,large_cap,True,True,EDGAR,2026-03-19
ARGX,argenx SE,NASDAQ,35201010,Biotechnology,44562239488.0,280194162.58032227,large_cap,False,True,EDGAR,2026-03-19
ALNY,"Alnylam Pharmaceuticals, Inc.",NASDAQ,35202010,Pharmaceuticals,42483171328.0,430275115.9312439,large_cap,True,True,EDGAR,2026-03-19
ONC,BeOne Medicines Ltd.,NASDAQ,35202010,Pharmaceuticals,33257693184.0,87638359.16489868,large_cap,False,True,EDGAR,2026-03-19
INSM,Insmed Incorporated,NASDAQ,35202010,Pharmaceuticals,30213910528.0,335756739.698967,large_cap,True,True,EDGAR,2026-03-19
NTRA,"Natera, Inc.",NASDAQ,35203010,Life Science Tools & Services,28081213440.0,259904558.5447693,large_cap,True,True,ETF,2026-03-19
BIIB,Biogen Inc.,NASDAQ,35201010,Biotechnology,27122442240.0,227803125.07749838,large_cap,True,True,EDGAR,2026-03-19
BNTX,BioNTech SE,NASDAQ,35201010,Biotechnology,25374115840.0,123173482.38154602,large_cap,False,True,EDGAR,2026-03-19
UTHR,United Therapeutics Corporation,NASDAQ,35202010,Pharmaceuticals,20984477696.0,252321668.13253582,large_cap,True,True,EDGAR,2026-03-19
ROIV,Roivant Sciences Ltd.,NASDAQ,35202010,Pharmaceuticals,20622927872.0,187565484.77333096,large_cap,True,True,EDGAR,2026-03-19
MRNA,"Moderna, Inc.",NASDAQ,35201010,Biotechnology,20592142336.0,494473021.7004059,large_cap,True,True,EDGAR,2026-03-19
EXAS,Exact Sciences Corporation,NASDAQ,35203010,Life Science Tools & Services,19756929024.0,236471045.88731894,large_cap,True,False,ETF,2026-03-19
RVMD,"Revolution Medicines, Inc.",NASDAQ,35201010,Biotechnology,19510169600.0,212491326.66563517,large_cap,True,True,EDGAR,2026-03-19
INCY,Incyte Corporation,NASDAQ,35201010,Biotechnology,19093448704.0,183252051.47423682,large_cap,True,True,ETF,2026-03-19
ILMN,"Illumina, Inc.",NASDAQ,35203010,Life Science Tools & Services,19054397440.0,273803207.12358654,large_cap,False,True,ETF,2026-03-19
GMAB,Genmab A/S,NASDAQ,35202010,Pharmaceuticals,16661348352.0,47305626.69097773,large_cap,False,True,EDGAR,2026-03-19
ASND,Ascendis Pharma A/S,NASDAQ,35202010,Pharmaceuticals,14784086016.0,175406548.41808572,large_cap,False,True,EDGAR,2026-03-19
MEDP,"Medpace Holdings, Inc.",NASDAQ,35203010,Life Science Tools & Services,13355948032.0,202709041.2612427,large_cap,False,True,ETF,2026-03-19
NBIX,"Neurocrine Biosciences, Inc.",NASDAQ,35201010,Biotechnology,12839497728.0,155091484.48001608,large_cap,True,True,EDGAR,2026-03-19
BBIO,"BridgeBio Pharma, Inc.",NASDAQ,35202010,Pharmaceuticals,12738728960.0,227296726.97690555,large_cap,True,True,EDGAR,2026-03-19
IONS,"Ionis Pharmaceuticals, Inc.",NASDAQ,35202010,Pharmaceuticals,12242380800.0,184803865.20057932,large_cap,True,True,EDGAR,2026-03-19
BMRN,BioMarin Pharmaceutical Inc.,NASDAQ,35202010,Pharmaceuticals,11777883136.0,139453854.9352997,large_cap,True,True,EDGAR,2026-03-19
SMMT,Summit Therapeutics Inc.,NASDAQ,35202010,Pharmaceuticals,11754649600.0,34566064.47007809,large_cap,True,True,EDGAR,2026-03-19
EXEL,"Exelixis, Inc.",NASDAQ,35201010,Biotechnology,11145422848.0,129720965.92762998,large_cap,True,True,EDGAR,2026-03-19
MDGL,"Madrigal Pharmaceuticals, Inc.",NASDAQ,35202010,Pharmaceuticals,9864477696.0,163638543.92918295,mid_cap,True,True,EDGAR,2026-03-19
TEM,"Tempus AI, Inc.",NASDAQ,,,9342712832.0,301966664.2348531,mid_cap,False,True,ETF,2026-03-19
IBRX,"ImmunityBio, Inc.",NASDAQ,35201010,Biotechnology,8893163520.0,295057725.5638798,mid_cap,True,True,EDGAR,2026-03-19
ABVX,Abivax SA,NASDAQ,35202010,Pharmaceuticals,8662010880.0,104763987.44241409,mid_cap,False,True,EDGAR,2026-03-19
PRAX,"Praxis Precision Medicines, Inc",NASDAQ,35202010,Pharmaceuticals,8628745216.0,128680631.89235942,mid_cap,True,True,EDGAR,2026-03-19
PCVX,"Vaxcyte, Inc.",NASDAQ,35201010,Biotechnology,8597662720.0,72700561.88551179,mid_cap,True,True,EDGAR,2026-03-19
CRL,Charles River Laboratories Inte,NYSE,35203010,Life Science Tools & Services,8589857280.0,207049735.70373434,mid_cap,False,True,ETF,2026-03-19
TECH,Bio-Techne Corp,NASDAQ,35201010,Biotechnology,8446913536.0,147792387.46245867,mid_cap,False,True,EDGAR,2026-03-19
ARWR,"Arrowhead Pharmaceuticals, Inc.",NASDAQ,35202010,Pharmaceuticals,8366923264.0,202372377.81933442,mid_cap,True,True,EDGAR,2026-03-19
AXSM,"Axsome Therapeutics, Inc.",NASDAQ,35202010,Pharmaceuticals,8316501504.0,98982139.54951376,mid_cap,False,True,EDGAR,2026-03-19
HALO,"Halozyme Therapeutics, Inc.",NASDAQ,35201010,Biotechnology,7946084864.0,138194645.51827875,mid_cap,True,True,EDGAR,2026-03-19
NUVL,"Nuvalent, Inc.",NASDAQ,35202010,Pharmaceuticals,7801165312.0,52130345.52948761,mid_cap,True,True,EDGAR,2026-03-19
KRYS,"Krystal Biotech, Inc.",NASDAQ,35201010,Biotechnology,7434037760.0,77635309.34090169,mid_cap,True,True,EDGAR,2026-03-19
CYTK,"Cytokinetics, Incorporated",NASDAQ,35202010,Pharmaceuticals,7390303744.0,126590239.9131171,mid_cap,True,True,EDGAR,2026-03-19
GRFS,"Grifols, S.A.",NASDAQ,35202010,Pharmaceuticals,7067492864.0,6350091.116240915,mid_cap,False,True,EDGAR,2026-03-19
KYMR,"Kymera Therapeutics, Inc.",NASDAQ,35201010,Biotechnology,6779992064.0,67235166.10987702,mid_cap,True,True,EDGAR,2026-03-19
RGEN,Repligen Corporation,NASDAQ,35201010,Biotechnology,6766211584.0,120898391.64853516,mid_cap,False,True,EDGAR,2026-03-19
ACLX,"Arcellx, Inc.",NASDAQ,35201010,Biotechnology,6691845120.0,373661814.0005582,mid_cap,True,True,EDGAR,2026-03-19
RYTM,"Rhythm Pharmaceuticals, Inc.",NASDAQ,35202010,Pharmaceuticals,6391821312.0,79052014.12953745,mid_cap,True,True,EDGAR,2026-03-19
COGT,"Cogent Biosciences, Inc.",NASDAQ,35202010,Pharmaceuticals,6012729856.0,64991595.728590645,mid_cap,True,True,EDGAR,2026-03-19
PTGX,"Protagonist Therapeutics, Inc.",NASDAQ,35202010,Pharmaceuticals,5869763584.0,61122911.48208618,mid_cap,True,True,EDGAR,2026-03-19
BRKR,Bruker Corporation,NASDAQ,,,5583401984.0,93525341.74950917,mid_cap,False,True,ETF,2026-03-19
IMVT,"Immunovant, Inc.",NASDAQ,35201010,Biotechnology,5412938240.0,33527405.653433926,mid_cap,True,True,EDGAR,2026-03-19
CRSP,CRISPR Therapeutics AG,NASDAQ,35201010,Biotechnology,5375657472.0,111621644.84129308,mid_cap,True,True,EDGAR,2026-03-19
CELC,Celcuity Inc.,NASDAQ,35201010,Biotechnology,5321195008.0,72424096.43716939,mid_cap,True,False,ETF,2026-03-19
CAI,"Caris Life Sciences, Inc.",NASDAQ,35201010,Biotechnology,5245111296.0,45361794.03433698,mid_cap,False,True,ETF,2026-03-19
MIRM,"Mirum Pharmaceuticals, Inc.",NASDAQ,35202010,Pharmaceuticals,5211705344.0,74964399.35736592,mid_cap,True,True,EDGAR,2026-03-19
CGON,"CG Oncology, Inc.",NASDAQ,35201010,Biotechnology,5211340800.0,71174592.2001775,mid_cap,True,True,EDGAR,2026-03-19
PTCT,"PTC Therapeutics, Inc.",NASDAQ,35202010,Pharmaceuticals,5193286656.0,84041684.6207428,mid_cap,True,True,EDGAR,2026-03-19
APGE,"Apogee Therapeutics, Inc.",NASDAQ,35201010,Biotechnology,4958340608.0,57547062.40782496,mid_cap,True,True,EDGAR,2026-03-19
ALKS,Alkermes plc,NASDAQ,35202010,Pharmaceuticals,4770354176.0,60302428.234564334,mid_cap,True,True,EDGAR,2026-03-19
ERAS,"Erasca, Inc.",NASDAQ,35202010,Pharmaceuticals,4769184768.0,58037638.18156903,mid_cap,True,True,EDGAR,2026-03-19
TERN,"Terns Pharmaceuticals, Inc.",NASDAQ,35202010,Pharmaceuticals,4665028608.0,86198947.71665955,mid_cap,False,True,EDGAR,2026-03-19
TGTX,"TG Therapeutics, Inc.",NASDAQ,35202010,Pharmaceuticals,4658106368.0,53229073.91010005,mid_cap,True,False,EDGAR,2026-03-19
SRRK,Scholar Rock Holding Corporatio,NASDAQ,35201010,Biotechnology,4620937728.0,51432599.99765905,mid_cap,True,True,EDGAR,2026-03-19
FOLD,"Amicus Therapeutics, Inc.",NASDAQ,35202010,Pharmaceuticals,4501199872.0,70370576.79644251,mid_cap,True,True,EDGAR,2026-03-19
STVN,Stevanato Group S.p.A.,NYSE,,,4234287104.0,10210238.286988195,mid_cap,False,True,ETF,2026-03-19
GPCR,Structure Therapeutics Inc.,NASDAQ,35202010,Pharmaceuticals,4109179136.0,61740030.801386006,mid_cap,False,True,EDGAR,2026-03-19
CRNX,"Crinetics Pharmaceuticals, Inc.",NASDAQ,35202010,Pharmaceuticals,3991366912.0,44435419.15459264,mid_cap,False,True,EDGAR,2026-03-19
VKTX,"Viking Therapeutics, Inc.",NASDAQ,35202010,Pharmaceuticals,3815602944.0,92449106.14014931,mid_cap,True,False,EDGAR,2026-03-19
CNTA,Centessa Pharmaceuticals plc,NASDAQ,35202010,Pharmaceuticals,3791395840.0,32158333.65222117,mid_cap,False,True,EDGAR,2026-03-19
ACAD,ACADIA Pharmaceuticals Inc.,NASDAQ,35202010,Pharmaceuticals,3766225920.0,42472366.902333066,mid_cap,True,True,EDGAR,2026-03-19
ADMA,ADMA Biologics Inc,NASDAQ,35201010,Biotechnology,3664078848.0,50067514.62527037,mid_cap,True,True,EDGAR,2026-03-19
LEGN,Legend Biotech Corporation,NASDAQ,35202010,Pharmaceuticals,3484168704.0,36804766.10242768,mid_cap,False,True,EDGAR,2026-03-19
NAMS,NewAmsterdam Pharma Company N.V,NASDAQ,35202010,Pharmaceuticals,3426267648.0,27795875.237909697,mid_cap,False,True,EDGAR,2026-03-19
ALMS,Alumis Inc.,NASDAQ,35202010,Pharmaceuticals,3346080256.0,34927921.05074749,mid_cap,False,True,EDGAR,2026-03-19
XENE,Xenon Pharmaceuticals Inc.,NASDAQ,35202010,Pharmaceuticals,3239368192.0,91151621.59748459,mid_cap,False,True,EDGAR,2026-03-19
SYRE,"Spyre Therapeutics, Inc.",NASDAQ,35202010,Pharmaceuticals,3146318848.0,31804016.46974055,mid_cap,True,True,EDGAR,2026-03-19
TARS,"Tarsus Pharmaceuticals, Inc.",NASDAQ,35201010,Biotechnology,3112867584.0,44011803.624259695,mid_cap,False,True,EDGAR,2026-03-19
DNLI,Denali Therapeutics Inc.,NASDAQ,35201010,Biotechnology,3062265600.0,32059958.755685106,mid_cap,True,True,EDGAR,2026-03-19
EWTX,"Edgewise Therapeutics, Inc.",NASDAQ,35202010,Pharmaceuticals,2980511488.0,26221447.133363977,mid_cap,False,True,EDGAR,2026-03-19
CPRX,"Catalyst Pharmaceuticals, Inc.",NASDAQ,35202010,Pharmaceuticals,2973250560.0,29439810.995779548,mid_cap,True,False,EDGAR,2026-03-19
ARQT,"Arcutis Biotherapeutics, Inc.",NASDAQ,35202010,Pharmaceuticals,2972460032.0,35112864.94555823,mid_cap,True,True,EDGAR,2026-03-19
IDYA,"IDEAYA Biosciences, Inc.",NASDAQ,35202010,Pharmaceuticals,2911912960.0,28147234.32823893,mid_cap,True,True,EDGAR,2026-03-19
VRDN,"Viridian Therapeutics, Inc.",NASDAQ,35202010,Pharmaceuticals,2892956928.0,37145434.949469246,mid_cap,True,False,EDGAR,2026-03-19
TWST,Twist Bioscience Corporation,NASDAQ,35201010,Biotechnology,2872146944.0,61150365.69804764,mid_cap,True,True,EDGAR,2026-03-19
DNTH,"Dianthus Therapeutics, Inc.",NASDAQ,35202010,Pharmaceuticals,2822467840.0,74713232.29039815,mid_cap,True,False,EDGAR,2026-03-19
VERA,"Vera Therapeutics, Inc.",NASDAQ,35202010,Pharmaceuticals,2781086976.0,44810754.852231346,mid_cap,True,True,EDGAR,2026-03-19
RCUS,"Arcus Biosciences, Inc.",NYSE,35202010,Pharmaceuticals,2733782016.0,24853238.222765096,mid_cap,True,True,EDGAR,2026-03-19
BEAM,Beam Therapeutics Inc.,NASDAQ,35201010,Biotechnology,2690023424.0,49350290.84598363,mid_cap,True,True,EDGAR,2026-03-19
VCYT,"Veracyte, Inc.",NASDAQ,35203010,Life Science Tools & Services,2689667584.0,32708101.928009033,mid_cap,True,True,ETF,2026-03-19
TXG,"10x Genomics, Inc.",NASDAQ,,,2658524416.0,52608027.78352687,mid_cap,False,True,ETF,2026-03-19
APLS,"Apellis Pharmaceuticals, Inc.",NASDAQ,35202010,Pharmaceuticals,2569381376.0,44175469.75401052,mid_cap,True,True,EDGAR,2026-03-19
TVTX,"Travere Therapeutics, Inc.",NASDAQ,35202010,Pharmaceuticals,2504358144.0,39195224.22042008,mid_cap,True,True,EDGAR,2026-03-19
WVE,Wave Life Sciences Ltd.,NASDAQ,35202010,Pharmaceuticals,2469773312.0,33141650.257814217,mid_cap,False,True,EDGAR,2026-03-19
DYN,"Dyne Therapeutics, Inc.",NASDAQ,35202010,Pharmaceuticals,2443439360.0,38604432.34623794,mid_cap,True,True,EDGAR,2026-03-19
IRON,"Disc Medicine, Inc.",NASDAQ,35202010,Pharmaceuticals,2330435072.0,55210237.7205925,mid_cap,True,True,EDGAR,2026-03-19
IMNM,"Immunome, Inc.",NASDAQ,35202010,Pharmaceuticals,2314834176.0,24009937.572028287,mid_cap,True,False,EDGAR,2026-03-19
ADPT,Adaptive Biotechnologies Corpor,NASDAQ,35201010,Biotechnology,2285856512.0,31611948.04592864,mid_cap,False,True,EDGAR,2026-03-19
TNGX,"Tango Therapeutics, Inc.",NASDAQ,35202010,Pharmaceuticals,2279409664.0,51763560.18246015,mid_cap,True,True,EDGAR,2026-03-19
DAWN,"Day One Biopharmaceuticals, Inc",NASDAQ,35202010,Pharmaceuticals,2190427392.0,110913670.52991524,mid_cap,True,True,EDGAR,2026-03-19
GLPG,Galapagos NV,NASDAQ,35202010,Pharmaceuticals,2164059904.0,3681050.6615819293,mid_cap,False,True,EDGAR,2026-03-19
MAZE,"Maze Therapeutics, Inc.",NASDAQ,35201010,Biotechnology,2162006528.0,25486672.820266724,mid_cap,False,True,EDGAR,2026-03-19
ZLAB,Zai Lab Limited,NASDAQ,35202010,Pharmaceuticals,2158600704.0,12051122.755898476,mid_cap,False,True,EDGAR,2026-03-19
SLNO,"Soleno Therapeutics, Inc.",NASDAQ,35202010,Pharmaceuticals,2125842816.0,57017473.012394205,mid_cap,True,False,EDGAR,2026-03-19
BCRX,"BioCryst Pharmaceuticals, Inc.",NASDAQ,35201010,Biotechnology,2123027328.0,42381883.81005827,mid_cap,True,True,EDGAR,2026-03-19
IOVA,"Iovance Biotherapeutics, Inc.",NASDAQ,35201010,Biotechnology,2105123840.0,70914362.87002568,mid_cap,True,True,EDGAR,2026-03-19
MLYS,"Mineralys Therapeutics, Inc.",NASDAQ,35202010,Pharmaceuticals,2101957120.0,34560979.14436576,mid_cap,True,True,EDGAR,2026-03-19
MESO,Mesoblast Limited,NASDAQ,35201010,Biotechnology,2097115648.0,4122413.071301333,mid_cap,False,True,EDGAR,2026-03-19
RARE,Ultragenyx Pharmaceutical Inc.,NASDAQ,35202010,Pharmaceuticals,2055798784.0,46750449.56023992,mid_cap,True,True,EDGAR,2026-03-19
GRAL,"GRAIL, Inc.",NASDAQ,35203010,Life Science Tools & Services,2025844224.0,104108840.20859171,mid_cap,True,True,ETF,2026-03-19
STOK,"Stoke Therapeutics, Inc.",NASDAQ,35202010,Pharmaceuticals,2016521088.0,26159857.38443006,mid_cap,True,True,EDGAR,2026-03-19
CLDX,"Celldex Therapeutics, Inc.",NASDAQ,35203010,Life Science Tools & Services,1953056512.0,25985428.180600483,small_cap,True,False,EDGAR,2026-03-19
SNDX,"Syndax Pharmaceuticals, Inc.",NASDAQ,35202010,Pharmaceuticals,1946587008.0,29230082.91046804,small_cap,True,True,EDGAR,2026-03-19
AUPH,Aurinia Pharmaceuticals Inc,NASDAQ,35202010,Pharmaceuticals,1904144384.0,13873480.069500605,small_cap,False,True,EDGAR,2026-03-19
TYRA,"Tyra Biosciences, Inc.",NASDAQ,35202010,Pharmaceuticals,1880298880.0,37763522.16172371,small_cap,True,True,EDGAR,2026-03-19
ZYME,Zymeworks Inc.,NASDAQ,35202010,Pharmaceuticals,1833320576.0,16737996.258528264,small_cap,False,True,EDGAR,2026-03-19
RXRX,"Recursion Pharmaceuticals, Inc.",NASDAQ,35201010,Biotechnology,1800962816.0,67787898.96011911,small_cap,True,True,EDGAR,2026-03-19
RLAY,"Relay Therapeutics, Inc.",NASDAQ,35201010,Biotechnology,1767598336.0,24433456.4404761,small_cap,True,True,EDGAR,2026-03-19
ELVN,"Enliven Therapeutics, Inc.",NASDAQ,35202010,Pharmaceuticals,1751339264.0,21301874.65427907,small_cap,False,True,EDGAR,2026-03-19
SRPT,"Sarepta Therapeutics, Inc.",NASDAQ,35202010,Pharmaceuticals,1744405120.0,41973338.606051,small_cap,True,True,EDGAR,2026-03-19
OLMA,"Olema Pharmaceuticals, Inc.",NASDAQ,35202010,Pharmaceuticals,1725843072.0,37014974.6628994,small_cap,True,True,EDGAR,2026-03-19
TRVI,"Trevi Therapeutics, Inc.",NASDAQ,35202010,Pharmaceuticals,1706743168.0,14728094.482880052,small_cap,False,True,EDGAR,2026-03-19
DFTX,"Definium Therapeutics, Inc.",NASDAQ,35202010,Pharmaceuticals,1706196736.0,26542528.35758972,small_cap,False,True,EDGAR,2026-03-19
VCEL,Vericel Corporation,NASDAQ,35201010,Biotechnology,1704632320.0,17867940.667468645,small_cap,True,True,EDGAR,2026-03-19
PHVS,Pharvaris N.V.,NASDAQ,35202010,Pharmaceuticals,1685048320.0,3320265.858881569,small_cap,False,True,EDGAR,2026-03-19
IMCR,Immunocore Holdings plc,NASDAQ,35201010,Biotechnology,1677753728.0,12556529.151304627,small_cap,False,True,EDGAR,2026-03-19
NVAX,"Novavax, Inc.",NASDAQ,35201010,Biotechnology,1629359488.0,47160102.47883727,small_cap,True,True,EDGAR,2026-03-19
AGIO,"Agios Pharmaceuticals, Inc.",NASDAQ,35202010,Pharmaceuticals,1608355200.0,22666104.934080187,small_cap,True,True,EDGAR,2026-03-19
ORKA,"Oruka Therapeutics, Inc.",NASDAQ,35202010,Pharmaceuticals,1594358144.0,15971882.13844935,small_cap,True,True,EDGAR,2026-03-19
PVLA,"Palvella Therapeutics, Inc.",NASDAQ,35202010,Pharmaceuticals,1591534464.0,43255752.46271642,small_cap,True,False,EDGAR,2026-03-19
NTLA,"Intellia Therapeutics, Inc.",NASDAQ,35203010,Life Science Tools & Services,1590077568.0,51923402.708101116,small_cap,True,True,EDGAR,2026-03-19
NUVB,Nuvation Bio Inc.,NYSE,35202010,Pharmaceuticals,1585604608.0,26974584.50280911,small_cap,False,True,EDGAR,2026-03-19
SION,"Sionna Therapeutics, Inc.",NASDAQ,35202010,Pharmaceuticals,1584321920.0,9955600.733356731,small_cap,True,True,EDGAR,2026-03-19
NRIX,"Nurix Therapeutics, Inc.",NASDAQ,35202010,Pharmaceuticals,1550872576.0,13597207.711605009,small_cap,True,True,EDGAR,2026-03-19
ANAB,"AnaptysBio, Inc.",NASDAQ,35202010,Pharmaceuticals,1550683136.0,30887661.425654095,small_cap,True,True,EDGAR,2026-03-19
ORIC,"Oric Pharmaceuticals, Inc.",NASDAQ,35202010,Pharmaceuticals,1533941120.0,18863781.643533867,small_cap,True,True,EDGAR,2026-03-19
AMLX,"Amylyx Pharmaceuticals, Inc.",NASDAQ,35202010,Pharmaceuticals,1521550080.0,12566503.312760226,small_cap,False,True,EDGAR,2026-03-19
ARDX,"Ardelyx, Inc.",NASDAQ,35202010,Pharmaceuticals,1520534016.0,24808311.70867901,small_cap,True,False,EDGAR,2026-03-19
KOD,Kodiak Sciences Inc,NASDAQ,35201010,Biotechnology,1517053440.0,14750537.28211371,small_cap,True,True,EDGAR,2026-03-19
VIR,"Vir Biotechnology, Inc.",NASDAQ,35201010,Biotechnology,1504062592.0,47225643.33317229,small_cap,True,True,EDGAR,2026-03-19
NVCR,NovoCure Limited,NASDAQ,,,1483878912.0,32986787.32750613,small_cap,False,True,ETF,2026-03-19
RAPP,"Rapport Therapeutics, Inc.",NASDAQ,35202010,Pharmaceuticals,1441749376.0,9584422.50574735,small_cap,False,True,EDGAR,2026-03-19
MBX,"MBX Biosciences, Inc.",NASDAQ,35202010,Pharmaceuticals,1369969280.0,18763996.59595871,small_cap,False,True,EDGAR,2026-03-19
ZBIO,"Zenas BioPharma, Inc.",NASDAQ,35202010,Pharmaceuticals,1360230144.0,16515142.396986326,small_cap,False,True,EDGAR,2026-03-19
GLUE,"Monte Rosa Therapeutics, Inc.",NASDAQ,35201010,Biotechnology,1351784064.0,17917603.835809454,small_cap,True,True,EDGAR,2026-03-19
CRVS,"Corvus Pharmaceuticals, Inc.",NASDAQ,35202010,Pharmaceuticals,1327717248.0,22357955.240426064,small_cap,True,True,EDGAR,2026-03-19
BHVN,Biohaven Ltd.,NYSE,35202010,Pharmaceuticals,1312196352.0,25045463.117413457,small_cap,True,True,EDGAR,2026-03-19
MRVI,"Maravai LifeSciences Holdings, ",NASDAQ,35202010,Pharmaceuticals,1305517184.0,4729455.434257602,small_cap,False,True,EDGAR,2026-03-19
SEPN,"Septerna, Inc.",NASDAQ,35202010,Pharmaceuticals,1285243136.0,8854079.971884917,small_cap,False,True,EDGAR,2026-03-19
ALVO,Alvotech,NASDAQ,35201010,Biotechnology,1255783808.0,2574398.0840406814,small_cap,False,True,EDGAR,2026-03-19
TSHA,"Taysha Gene Therapies, Inc.",NASDAQ,35201010,Biotechnology,1250441856.0,11499821.623661455,small_cap,True,True,EDGAR,2026-03-19
ATAI,AtaiBeckley Inc.,NASDAQ,35202010,Pharmaceuticals,1240377856.0,18621137.32142447,small_cap,False,True,EDGAR,2026-03-19
PGEN,"Precigen, Inc.",NASDAQ,35202010,Pharmaceuticals,1171159168.0,17447780.723444413,small_cap,True,True,EDGAR,2026-03-19
SVRA,"Savara, Inc.",NASDAQ,35202010,Pharmaceuticals,1076344832.0,8672991.677078819,small_cap,True,True,EDGAR,2026-03-19
ABCL,AbCellera Biologics Inc.,NASDAQ,35202010,Pharmaceuticals,1041356224.0,12595017.1799469,small_cap,False,True,EDGAR,2026-03-19
BCAX,Bicara Therapeutics Inc.,NASDAQ,35202010,Pharmaceuticals,1007987904.0,9553173.645214844,small_cap,True,True,EDGAR,2026-03-19
INBX,"Inhibrx Biosciences, Inc.",NASDAQ,35201010,Biotechnology,1007590144.0,12765475.2700826,small_cap,True,True,EDGAR,2026-03-19
GHRS,GH Research PLC,NASDAQ,35202010,Pharmaceuticals,989989184.0,3517684.0179976146,small_cap,False,True,EDGAR,2026-03-19
GERN,Geron Corporation,NASDAQ,35202010,Pharmaceuticals,986258880.0,30041913.561461996,small_cap,True,True,EDGAR,2026-03-19
CMPX,"Compass Therapeutics, Inc.",NASDAQ,35201010,Biotechnology,980909440.0,11567810.549651051,small_cap,True,False,EDGAR,2026-03-19
AVBP,"ArriVent BioPharma, Inc.",NASDAQ,35202010,Pharmaceuticals,977129792.0,12516963.922009023,small_cap,True,True,EDGAR,2026-03-19
URGN,UroGen Pharma Ltd.,NASDAQ,35202010,Pharmaceuticals,954667392.0,17626107.1612559,small_cap,False,True,EDGAR,2026-03-19
CDNA,"CareDx, Inc.",NASDAQ,35203010,Life Science Tools & Services,952230080.0,12086310.79275767,small_cap,True,True,ETF,2026-03-19
CGEM,"Cullinan Therapeutics, Inc.",NASDAQ,35201010,Biotechnology,933109504.0,11029528.52132953,small_cap,True,True,EDGAR,2026-03-19
OPK,"Opko Health, Inc.",NASDAQ,35202010,Pharmaceuticals,902049024.0,2742678.782597347,small_cap,False,True,EDGAR,2026-03-19
SPRY,"ARS Pharmaceuticals, Inc.",NASDAQ,35202010,Pharmaceuticals,900510784.0,10368821.978475697,small_cap,True,True,EDGAR,2026-03-19
FTRE,Fortrea Holdings Inc.,NASDAQ,35201010,Biotechnology,898534976.0,23025589.904963493,small_cap,False,True,ETF,2026-03-19
QURE,uniQure N.V.,NASDAQ,35202010,Pharmaceuticals,889331904.0,74780927.09204648,small_cap,True,True,EDGAR,2026-03-19
ABUS,Arbutus Biopharma Corporation,NASDAQ,35202010,Pharmaceuticals,877959168.0,11103924.613760948,small_cap,True,True,EDGAR,2026-03-19
ARVN,"Arvinas, Inc.",NASDAQ,35202010,Pharmaceuticals,872487040.0,10773738.401648235,small_cap,False,True,EDGAR,2026-03-19
BIOA,"BioAge Labs, Inc.",NASDAQ,35202010,Pharmaceuticals,847992704.0,11618163.989687601,small_cap,False,True,EDGAR,2026-03-19
PHAT,"Phathom Pharmaceuticals, Inc.",NASDAQ,35202010,Pharmaceuticals,843146176.0,12296739.285924308,small_cap,False,True,EDGAR,2026-03-19
JANX,"Janux Therapeutics, Inc.",NASDAQ,35202010,Pharmaceuticals,840997632.0,13183334.750829633,small_cap,True,True,EDGAR,2026-03-19
SANA,"Sana Biotechnology, Inc.",NASDAQ,35201010,Biotechnology,835057728.0,8599743.630290858,small_cap,True,True,EDGAR,2026-03-19
BBOT,BridgeBio Oncology Therapeutics,NASDAQ,35202010,Pharmaceuticals,833082176.0,2707574.869274775,small_cap,False,True,EDGAR,2026-03-19
XNCR,"Xencor, Inc.",NASDAQ,35202010,Pharmaceuticals,829093376.0,8594554.364561971,small_cap,True,True,EDGAR,2026-03-19
KALV,"KalVista Pharmaceuticals, Inc.",NASDAQ,35202010,Pharmaceuticals,820113600.0,13293863.257466253,small_cap,True,True,EDGAR,2026-03-19
CSTL,"Castle Biosciences, Inc.",NASDAQ,35203010,Life Science Tools & Services,806310144.0,13435675.44647541,small_cap,False,True,ETF,2026-03-19
MNKD,MannKind Corporation,NASDAQ,35202010,Pharmaceuticals,805682688.0,22761567.311144583,small_cap,True,True,EDGAR,2026-03-19
CTMX,"CytomX Therapeutics, Inc.",NASDAQ,35202010,Pharmaceuticals,793804800.0,51237176.98448709,small_cap,True,True,EDGAR,2026-03-19
KURA,"Kura Oncology, Inc.",NASDAQ,35202010,Pharmaceuticals,778806784.0,13140446.72208058,small_cap,True,True,EDGAR,2026-03-19
ANNX,"Annexon, Inc.",NASDAQ,35202010,Pharmaceuticals,772854656.0,13835632.099551074,small_cap,True,True,EDGAR,2026-03-19
CMPS,COMPASS Pathways Plc - American,NASDAQ,35202010,Pharmaceuticals,745806976.0,31230428.71323986,small_cap,False,True,EDGAR,2026-03-19
PRME,"Prime Medicine, Inc.",NASDAQ,35201010,Biotechnology,722042624.0,10697408.98580582,small_cap,True,True,EDGAR,2026-03-19
PSNL,"Personalis, Inc.",NASDAQ,35203010,Life Science Tools & Services,696226112.0,12094128.46997118,small_cap,False,True,ETF,2026-03-19
TBPH,"Theravance Biopharma, Inc.",NASDAQ,35202010,Pharmaceuticals,688891712.0,12491233.512962215,small_cap,False,True,EDGAR,2026-03-19
TECX,"Tectonic Therapeutic, Inc.",NASDAQ,35201010,Biotechnology,674831936.0,13233117.003237406,small_cap,False,True,EDGAR,2026-03-19
MDXG,"MiMedx Group, Inc",NASDAQ,35201010,Biotechnology,668549632.0,4387269.956359037,small_cap,True,False,ETF,2026-03-19
REPL,"Replimune Group, Inc.",NASDAQ,35201010,Biotechnology,664709568.0,11158066.793671226,small_cap,True,True,EDGAR,2026-03-19
ANRO,"Alto Neuroscience, Inc.",NYSE,35202010,Pharmaceuticals,649907776.0,5187280.386623383,small_cap,False,True,EDGAR,2026-03-19
DSGN,"Design Therapeutics, Inc.",NASDAQ,35202010,Pharmaceuticals,573625024.0,2570269.995413844,small_cap,False,True,EDGAR,2026-03-19
IRWD,"Ironwood Pharmaceuticals, Inc.",NASDAQ,35202010,Pharmaceuticals,569888832.0,12466752.94555982,small_cap,True,True,EDGAR,2026-03-19
MGTX,MeiraGTx Holdings plc,NASDAQ,35201010,Biotechnology,564241152.0,2754742.831757752,small_cap,False,True,EDGAR,2026-03-19
CATX,"Perspective Therapeutics, Inc.",AMEX,35202010,Pharmaceuticals,563305152.0,9356697.607297214,small_cap,False,True,EDGAR,2026-03-19
FULC,"Fulcrum Therapeutics, Inc.",NASDAQ,35202010,Pharmaceuticals,543124672.0,9503426.569780858,small_cap,False,True,EDGAR,2026-03-19
CTKB,"Cytek Biosciences, Inc.",NASDAQ,,,542481536.0,3688874.206700643,small_cap,False,True,ETF,2026-03-19
RIGL,"Rigel Pharmaceuticals, Inc.",NASDAQ,35202010,Pharmaceuticals,523666272.0,11902624.952226449,small_cap,True,True,EDGAR,2026-03-19
SLDB,Solid Biosciences Inc.,NASDAQ,35201010,Biotechnology,523556800.0,11439173.63464686,small_cap,False,True,EDGAR,2026-03-19
NMRA,"Neumora Therapeutics, Inc.",NASDAQ,35201010,Biotechnology,520861344.0,4465996.072084697,small_cap,False,True,EDGAR,2026-03-19
ALLO,"Allogene Therapeutics, Inc.",NASDAQ,35201010,Biotechnology,515755712.0,11207772.297879202,small_cap,False,True,EDGAR,2026-03-19
PRTA,Prothena Corporation plc,NASDAQ,35202010,Pharmaceuticals,514643360.0,4576999.662140783,small_cap,True,True,EDGAR,2026-03-19
ADCT,ADC Therapeutics SA,NYSE,35202010,Pharmaceuticals,507896160.0,3693411.136776606,small_cap,False,True,EDGAR,2026-03-19
IVVD,"Invivyd, Inc.",NASDAQ,35201010,Biotechnology,506166720.0,3992398.5418063165,small_cap,True,False,EDGAR,2026-03-19
ZVRA,"Zevra Therapeutics, Inc.",NASDAQ,35202010,Pharmaceuticals,505833344.0,12226352.378647994,small_cap,False,True,EDGAR,2026-03-19
CTNM,"Contineum Therapeutics, Inc.",NASDAQ,35202010,Pharmaceuticals,505202272.0,3569540.3977447827,small_cap,False,True,EDGAR,2026-03-19
LXEO,"Lexeo Therapeutics, Inc.",NASDAQ,35201010,Biotechnology,499963200.0,5734879.347853501,small_cap,True,True,EDGAR,2026-03-19
FDMT,"4D Molecular Therapeutics, Inc.",NASDAQ,35201010,Biotechnology,486219520.0,6432053.863015143,small_cap,True,True,EDGAR,2026-03-19
TRDA,"Entrada Therapeutics, Inc.",NASDAQ,35202010,Pharmaceuticals,484679392.0,2495607.8372681937,small_cap,False,True,EDGAR,2026-03-19
MYGN,"Myriad Genetics, Inc.",NASDAQ,35203010,Life Science Tools & Services,482502144.0,8478525.513128916,small_cap,True,True,EDGAR,2026-03-19
VSTM,"Verastem, Inc.",NASDAQ,35202010,Pharmaceuticals,482046720.0,10484750.479084333,small_cap,True,False,EDGAR,2026-03-19
KYTX,"Kyverna Therapeutics, Inc.",NASDAQ,35201010,Biotechnology,481621344.0,4886005.931347498,small_cap,False,True,EDGAR,2026-03-19
RCKT,"Rocket Pharmaceuticals, Inc.",NASDAQ,35202010,Pharmaceuticals,478247104.0,12058304.199100606,small_cap,False,True,EDGAR,2026-03-19
LYEL,"Lyell Immunopharma, Inc.",NASDAQ,35202010,Pharmaceuticals,477351616.0,2746718.8011344275,small_cap,False,True,EDGAR,2026-03-19
VNDA,Vanda Pharmaceuticals Inc.,NASDAQ,35202010,Pharmaceuticals,464884672.0,28853115.876530744,small_cap,False,True,EDGAR,2026-03-19
AVIR,"Atea Pharmaceuticals, Inc.",NASDAQ,35202010,Pharmaceuticals,458604320.0,3093799.7719755173,small_cap,False,True,EDGAR,2026-03-19
FLGT,"Fulgent Genetics, Inc.",NASDAQ,35203010,Life Science Tools & Services,456904160.0,10696898.861449908,small_cap,False,True,ETF,2026-03-19
LRMR,"Larimar Therapeutics, Inc.",NASDAQ,35202010,Pharmaceuticals,445497984.0,34577646.61029679,small_cap,False,True,EDGAR,2026-03-19
ALT,"Altimmune, Inc.",NASDAQ,35202010,Pharmaceuticals,443945760.0,13606410.61006864,small_cap,True,True,EDGAR,2026-03-19
RGNX,REGENXBIO Inc.,NASDAQ,35201010,Biotechnology,438649056.0,8846592.366913032,small_cap,True,True,EDGAR,2026-03-19
EBS,Emergent BioSolutions Inc.,NYSE,35202010,Pharmaceuticals,435127904.0,9315763.303126525,small_cap,True,True,EDGAR,2026-03-19
AVXL,Anavex Life Sciences Corp.,NASDAQ,35201010,Biotechnology,433703808.0,5041289.409035905,small_cap,True,True,EDGAR,2026-03-19
LCTX,"Lineage Cell Therapeutics, Inc.",AMEX,35201010,Biotechnology,422651040.0,2122362.0023938813,small_cap,False,True,EDGAR,2026-03-19
PACB,Pacific Biosciences of Californ,NASDAQ,,,416757664.0,10029290.106864853,small_cap,False,True,ETF,2026-03-19
UPB,"Upstream Bio, Inc.",NASDAQ,35202010,Pharmaceuticals,415286592.0,20243082.372218005,small_cap,True,True,EDGAR,2026-03-19
IMMP,Immutep Limited,NASDAQ,35202010,Pharmaceuticals,406250016.0,1265530.663833038,small_cap,False,True,EDGAR,2026-03-19
DNA,"Ginkgo Bioworks Holdings, Inc.",NYSE,35201010,Biotechnology,404446528.0,10383202.901064873,small_cap,False,True,EDGAR,2026-03-19
NBP,NovaBridge Biosciences,NASDAQ,35202010,Pharmaceuticals,402942144.0,2302718.4033569335,small_cap,False,True,EDGAR,2026-03-19
AUTL,Autolus Therapeutics plc,NASDAQ,35201010,Biotechnology,400545632.0,2396809.164936002,small_cap,False,True,EDGAR,2026-03-19
PEPG,PepGen Inc.,NASDAQ,35202010,Pharmaceuticals,392896096.0,4486543.44164257,small_cap,False,True,EDGAR,2026-03-19
ENTA,"Enanta Pharmaceuticals, Inc.",NASDAQ,35202010,Pharmaceuticals,392051360.0,2694075.8720445633,small_cap,False,True,EDGAR,2026-03-19
LAB,Standard BioTools Inc.,NASDAQ,,,380758208.0,2434006.9024225674,small_cap,False,True,ETF,2026-03-19
LENZ,"LENZ Therapeutics, Inc.",NASDAQ,35201010,Biotechnology,365779712.0,10050683.848880386,small_cap,False,True,EDGAR,2026-03-19
CADL,"Candel Therapeutics, Inc.",NASDAQ,35201010,Biotechnology,362206080.0,7249180.396395429,small_cap,False,True,EDGAR,2026-03-19
BCYC,Bicycle Therapeutics plc,NASDAQ,35202010,Pharmaceuticals,359325696.0,2407604.7614206313,small_cap,False,True,EDGAR,2026-03-19
ABSI,Absci Corporation,NASDAQ,35201010,Biotechnology,357884288.0,8876598.514916642,small_cap,True,True,ETF,2026-03-19
AURA,"Aura Biosciences, Inc.",NASDAQ,35201010,Biotechnology,354348224.0,1407076.4044287999,small_cap,False,True,EDGAR,2026-03-19
KROS,"Keros Therapeutics, Inc.",NASDAQ,35202010,Pharmaceuticals,343910112.0,5584989.929782231,small_cap,True,True,EDGAR,2026-03-19
IMRX,Immuneering Corporation,NASDAQ,35202010,Pharmaceuticals,342866528.0,4237490.066882833,small_cap,True,True,EDGAR,2026-03-19
AKBA,"Akebia Therapeutics, Inc.",NASDAQ,35202010,Pharmaceuticals,341840704.0,4765253.321512206,small_cap,True,False,EDGAR,2026-03-19
NGNE,Neurogene Inc.,NASDAQ,35202010,Pharmaceuticals,340775616.0,3818445.011575826,small_cap,False,True,EDGAR,2026-03-19
ACRS,"Aclaris Therapeutics, Inc.",NASDAQ,35202010,Pharmaceuticals,330994720.0,6938124.470907648,small_cap,False,True,EDGAR,2026-03-19
CABA,"Cabaletta Bio, Inc.",NASDAQ,35201010,Biotechnology,304198048.0,8101511.314878027,small_cap,False,True,EDGAR,2026-03-19
RZLT,"Rezolute, Inc.",NASDAQ,35202010,Pharmaceuticals,299055264.0,8129667.902407932,micro_cap,True,False,EDGAR,2026-03-19
CCCC,"C4 Therapeutics, Inc.",NASDAQ,35201010,Biotechnology,295104416.0,7014131.921289095,micro_cap,False,True,EDGAR,2026-03-19
SLN,Silence Therapeutics Plc - Amer,NASDAQ,35202010,Pharmaceuticals,292378144.0,1493259.611383279,micro_cap,False,True,EDGAR,2026-03-19
QTRX,Quanterix Corporation,NASDAQ,,,236356624.0,3366868.398040263,micro_cap,False,True,ETF,2026-03-19
RNA,"Atrium Therapeutics, Inc.",NASDAQ,35202010,Pharmaceuticals,229931808.0,25068346.314294815,micro_cap,True,False,EDGAR,2026-03-19
VYGR,"Voyager Therapeutics, Inc.",NASDAQ,35201010,Biotechnology,216284336.0,3458938.9287599404,micro_cap,False,True,EDGAR,2026-03-19
HUMA,"Humacyte, Inc.",NASDAQ,35201010,Biotechnology,216156096.0,6083149.181044666,micro_cap,False,True,EDGAR,2026-03-19
ARCT,Arcturus Therapeutics Holdings ,NASDAQ,35202010,Pharmaceuticals,202025536.0,3548152.7108632405,micro_cap,False,True,EDGAR,2026-03-19
EDIT,"Editas Medicine, Inc.",NASDAQ,35201010,Biotechnology,195725424.0,3757358.3252959726,micro_cap,False,True,EDGAR,2026-03-19
TNYA,"Tenaya Therapeutics, Inc.",NASDAQ,35201010,Biotechnology,191564416.0,4039570.5858298144,micro_cap,False,True,EDGAR,2026-03-19
QSI,Quantum-Si Incorporated,NASDAQ,,,185708992.0,3818937.9103854694,micro_cap,False,True,ETF,2026-03-19
SGMT,Sagimet Biosciences Inc. - Seri,NASDAQ,35202010,Pharmaceuticals,175616640.0,2480615.858891233,micro_cap,False,True,EDGAR,2026-03-19
CRBU,"Caribou Biosciences, Inc.",NASDAQ,35201010,Biotechnology,169644496.0,2501836.309733816,micro_cap,False,True,EDGAR,2026-03-19
AARD,"Aardvark Therapeutics, Inc.",NASDAQ,35202010,Pharmaceuticals,127591376.0,2426731.4315049173,micro_cap,False,True,EDGAR,2026-03-19
BDTX,"Black Diamond Therapeutics, Inc",NASDAQ,35201010,Biotechnology,122211184.0,1502109.759683768,micro_cap,False,True,EDGAR,2026-03-19
GOSS,"Gossamer Bio, Inc.",NASDAQ,35202010,Pharmaceuticals,115866992.0,14659251.687760266,micro_cap,True,True,EDGAR,2026-03-19
CDXS,"Codexis, Inc.",NASDAQ,35201010,Biotechnology,111098992.0,4912030.58754898,micro_cap,False,True,ETF,2026-03-19
LLY,Eli Lilly and Company,NYSE,35202010,Pharmaceuticals,883106054144.0,3403234768.9246173,large_cap,False,False,EDGAR,2026-03-19
JNJ,Johnson & Johnson,NYSE,35202010,Pharmaceuticals,579412033536.0,2089805515.2037425,large_cap,False,False,EDGAR,2026-03-19
NVS,Novartis AG,NYSE,35202010,Pharmaceuticals,309387919360.0,455237584.30082804,large_cap,False,False,EDGAR,2026-03-19
AZN,AstraZeneca PLC,NYSE,35202010,Pharmaceuticals,301328596992.0,441714379.5244649,large_cap,False,False,EDGAR,2026-03-19
MRK,"Merck & Company, Inc.",NYSE,35202010,Pharmaceuticals,286673829888.0,1311408677.5196013,large_cap,False,False,EDGAR,2026-03-19
ABT,Abbott Laboratories,NYSE,35202010,Pharmaceuticals,190971363328.0,1023970688.8640587,large_cap,False,False,EDGAR,2026-03-19
NVO,Novo Nordisk A/S,NYSE,35202010,Pharmaceuticals,171371593728.0,1068105603.5459914,large_cap,False,False,EDGAR,2026-03-19
PFE,"Pfizer, Inc.",NYSE,35202010,Pharmaceuticals,153671368704.0,1158307910.2770922,large_cap,False,False,EDGAR,2026-03-19
BMY,Bristol-Myers Squibb Company,NYSE,35202010,Pharmaceuticals,122616078336.0,797743978.4344888,large_cap,False,False,EDGAR,2026-03-19
GSK,GSK plc,NYSE,35202010,Pharmaceuticals,110188101632.0,352865253.2146041,large_cap,False,False,EDGAR,2026-03-19
SNY,Sanofi,NASDAQ,35202010,Pharmaceuticals,107464974336.0,226397153.2908109,large_cap,False,False,EDGAR,2026-03-19
TAK,Takeda Pharmaceutical Company L,NYSE,35202010,Pharmaceuticals,56438980608.0,47580662.165822916,large_cap,False,False,EDGAR,2026-03-19
ZTS,Zoetis Inc.,NYSE,35202010,Pharmaceuticals,53517787136.0,551666421.8827024,large_cap,False,False,EDGAR,2026-03-19
IDXX,"IDEXX Laboratories, Inc.",NASDAQ,35203010,Life Science Tools & Services,48629059584.0,327232927.8246745,large_cap,False,False,EDGAR,2026-03-19
TEVA,Teva Pharmaceutical Industries ,NYSE,35202010,Pharmaceuticals,36103798784.0,251076251.7855352,large_cap,False,False,EDGAR,2026-03-19
RPRX,Royalty Pharma plc,NASDAQ,35202010,Pharmaceuticals,26294482944.0,164986889.06114274,large_cap,False,False,EDGAR,2026-03-19
VTRS,Viatris Inc.,NASDAQ,35202010,Pharmaceuticals,16303301632.0,176868911.96423957,large_cap,False,False,EDGAR,2026-03-19
RDY,Dr. Reddy's Laboratories Ltd,NYSE,35202010,Pharmaceuticals,11960024064.0,27971694.99641539,large_cap,False,False,EDGAR,2026-03-19
RGC,Regencell Bioscience Holdings L,NASDAQ,35202010,Pharmaceuticals,11682299904.0,3572214.7878046036,large_cap,False,False,EDGAR,2026-03-19
ELAN,Elanco Animal Health Incorporat,NYSE,35202010,Pharmaceuticals,11576558592.0,124702890.05030054,large_cap,False,False,EDGAR,2026-03-19
RNAM,"Avidity Biosciences, Inc.",NASDAQ,35202010,Pharmaceuticals,11249150976.0,150387928.92456782,large_cap,False,False,EDGAR,2026-03-19
JAZZ,Jazz Pharmaceuticals plc,NASDAQ,35202010,Pharmaceuticals,11214449664.0,178667657.81522673,large_cap,False,False,EDGAR,2026-03-19
QGEN,Qiagen N.V.,NYSE,35201010,Biotechnology,9201246208.0,104603478.28891437,mid_cap,False,False,EDGAR,2026-03-19
BLTE,"Belite Bio, Inc",NASDAQ,35202010,Pharmaceuticals,6535048704.0,33252710.16703593,mid_cap,False,False,EDGAR,2026-03-19
LNTH,"Lantheus Holdings, Inc.",NASDAQ,35203010,Life Science Tools & Services,4931615744.0,80334004.45794347,mid_cap,False,False,EDGAR,2026-03-19
AMRX,"Amneal Pharmaceuticals, Inc.",NASDAQ,35202010,Pharmaceuticals,4162542592.0,29069485.209169548,mid_cap,False,False,EDGAR,2026-03-19
INDV,"Indivior Pharmaceuticals, Inc.",NASDAQ,35202010,Pharmaceuticals,4033287936.0,88902945.16527863,mid_cap,False,False,EDGAR,2026-03-19
LGND,Ligand Pharmaceuticals Incorpor,NASDAQ,35202010,Pharmaceuticals,4017740800.0,42705636.84650065,mid_cap,False,False,EDGAR,2026-03-19
CORT,Corcept Therapeutics Incorporat,NASDAQ,35202010,Pharmaceuticals,3594377984.0,57945090.89838918,mid_cap,False,False,EDGAR,2026-03-19
KNSA,Kiniksa Pharmaceuticals Interna,NASDAQ,35202010,Pharmaceuticals,3525602048.0,28758035.340682983,mid_cap,False,False,EDGAR,2026-03-19
PBH,Prestige Consumer Healthcare In,NYSE,35202010,Pharmaceuticals,3230524160.0,28237150.06512553,mid_cap,False,False,EDGAR,2026-03-19
LQDA,Liquidia Corporation,NASDAQ,35202010,Pharmaceuticals,3121832704.0,64200803.14499283,mid_cap,False,False,EDGAR,2026-03-19
SUPN,"Supernus Pharmaceuticals, Inc.",NASDAQ,35202010,Pharmaceuticals,3090062336.0,42092607.27196503,mid_cap,False,False,EDGAR,2026-03-19
TLX,Telix Pharmaceuticals Limited,NASDAQ,35202010,Pharmaceuticals,2545909504.0,2175642.1397316614,mid_cap,False,False,EDGAR,2026-03-19
OCUL,"Ocular Therapeutix, Inc.",NASDAQ,35202010,Pharmaceuticals,2224809984.0,68058746.41280365,mid_cap,False,False,EDGAR,2026-03-19
NEOG,Neogen Corporation,NASDAQ,35203010,Life Science Tools & Services,2104563968.0,30260545.930704657,mid_cap,False,False,EDGAR,2026-03-19
BHC,Bausch Health Companies Inc.,NYSE,35202010,Pharmaceuticals,2002918144.0,13611145.59141941,mid_cap,False,False,EDGAR,2026-03-19
NKTR,Nektar Therapeutics,NASDAQ,35202010,Pharmaceuticals,1981929216.0,97383542.7990008,small_cap,False,False,EDGAR,2026-03-19
PAHC,Phibro Animal Health Corporatio,NASDAQ,35202010,Pharmaceuticals,1935735424.0,15617796.82761917,small_cap,False,False,EDGAR,2026-03-19
GLTO,"Galecto, Inc.",NASDAQ,35202010,Pharmaceuticals,1732805632.0,7936766.3095429735,small_cap,False,False,EDGAR,2026-03-19
OGN,Organon & Co.,NYSE,35202010,Pharmaceuticals,1719384832.0,29775557.85702723,small_cap,False,False,EDGAR,2026-03-19
MANE,"Veradermics, Incorporated",NYSE,35202010,Pharmaceuticals,1719127808.0,18616125.812554043,small_cap,False,False,EDGAR,2026-03-19
RAPT,"RAPT Therapeutics, Inc.",NASDAQ,35202010,Pharmaceuticals,1680292864.0,178610377.81143188,small_cap,False,False,EDGAR,2026-03-19
ANIP,"ANI Pharmaceuticals, Inc.",NASDAQ,35202010,Pharmaceuticals,1664823936.0,28793397.68465169,small_cap,False,False,EDGAR,2026-03-19
NBTX,Nanobiotix S.A.,NASDAQ,35202010,Pharmaceuticals,1659706752.0,1545493.6568901062,small_cap,False,False,EDGAR,2026-03-19
INVA,"Innoviva, Inc.",NASDAQ,35202010,Pharmaceuticals,1647536256.0,17187174.14377645,small_cap,False,False,EDGAR,2026-03-19
HRMY,"Harmony Biosciences Holdings, I",NASDAQ,35202010,Pharmaceuticals,1644119424.0,32948556.49237779,small_cap,False,False,EDGAR,2026-03-19
OCS,Oculis Holding AG,NASDAQ,35202010,Pharmaceuticals,1560941184.0,10468702.216636023,small_cap,False,False,EDGAR,2026-03-19
CAPR,"Capricor Therapeutics, Inc.",NASDAQ,35202010,Pharmaceuticals,1519644032.0,38324620.49205411,small_cap,False,False,EDGAR,2026-03-19
PRGO,Perrigo Company plc,NYSE,35202010,Pharmaceuticals,1482898688.0,43057959.29915968,small_cap,False,False,EDGAR,2026-03-19
GENB,"Generate Biomedicines, Inc.",NASDAQ,35202010,Pharmaceuticals,1428716800.0,14752410.63672672,small_cap,False,False,EDGAR,2026-03-19
QDEL,QuidelOrtho Corporation,NASDAQ,35203010,Life Science Tools & Services,1417462400.0,31146534.58164692,small_cap,False,False,EDGAR,2026-03-19
HROW,"Harrow, Inc.",NASDAQ,35202010,Pharmaceuticals,1347237376.0,36576969.31447665,small_cap,False,False,EDGAR,2026-03-19
IMTX,Immatics N.V.,NASDAQ,35201010,Biotechnology,1317874304.0,5310262.558739217,small_cap,False,False,EDGAR,2026-03-19
MLTX,MoonLake Immunotherapeutics,NASDAQ,35202010,Pharmaceuticals,1299171072.0,20154743.53765208,small_cap,False,False,EDGAR,2026-03-19
IVA,Inventiva S.A. - American Depos,NASDAQ,35202010,Pharmaceuticals,1273432448.0,2154340.011654218,small_cap,False,False,EDGAR,2026-03-19
DBVT,DBV Technologies S.A.,NASDAQ,35201010,Biotechnology,1217329664.0,5877109.937426504,small_cap,False,False,EDGAR,2026-03-19
COLL,"Collegium Pharmaceutical, Inc.",NASDAQ,35202010,Pharmaceuticals,1182727808.0,17757879.15105502,small_cap,False,False,EDGAR,2026-03-19
AKTS,"Aktis Oncology, Inc.",NASDAQ,35202010,Pharmaceuticals,1042708800.0,4556256.929580371,small_cap,False,False,EDGAR,2026-03-19
VTYX,"Ventyx Biosciences, Inc.",NASDAQ,35202010,Pharmaceuticals,1004502016.0,45105954.76162537,small_cap,False,False,EDGAR,2026-03-19
NNNN,Anbio Biotechnology,NASDAQ,35203010,Life Science Tools & Services,999402624.0,1400138.939175733,small_cap,False,False,EDGAR,2026-03-19
CRON,Cronos Group Inc. Common Share,NASDAQ,35202010,Pharmaceuticals,992278336.0,2902408.9664224624,small_cap,False,False,EDGAR,2026-03-19
XERS,"Xeris Biopharma Holdings, Inc.",NASDAQ,35202010,Pharmaceuticals,964020096.0,12489697.642012835,small_cap,False,False,EDGAR,2026-03-19
PCRX,"Pacira BioSciences, Inc.",NASDAQ,35202010,Pharmaceuticals,946898304.0,18854309.535998788,small_cap,False,False,EDGAR,2026-03-19
SDGR,"Schrodinger, Inc.",NASDAQ,35202010,Pharmaceuticals,941639232.0,19088854.540620167,small_cap,False,False,EDGAR,2026-03-19
SLS,"SELLAS Life Sciences Group, Inc",NASDAQ,35202010,Pharmaceuticals,939105408.0,30298649.304208595,small_cap,False,False,EDGAR,2026-03-19
AMPH,"Amphastar Pharmaceuticals, Inc.",NASDAQ,35202010,Pharmaceuticals,889174592.0,13119858.575039165,small_cap,False,False,EDGAR,2026-03-19
TLRY,"Tilray Brands, Inc.",NASDAQ,35202010,Pharmaceuticals,841179904.0,19494806.21572639,small_cap,False,False,EDGAR,2026-03-19
MPLT,"MapLight Therapeutics, Inc.",NASDAQ,35202010,Pharmaceuticals,837813056.0,3001393.931166331,small_cap,False,False,EDGAR,2026-03-19
EVMN,"Evommune, Inc.",NYSE,35202010,Pharmaceuticals,836018944.0,25670351.430483375,small_cap,False,False,EDGAR,2026-03-19
OMER,Omeros Corporation,NASDAQ,35202010,Pharmaceuticals,816773312.0,9922267.33813216,small_cap,False,False,EDGAR,2026-03-19
EIKN,"Eikon Therapeutics, Inc.",NASDAQ,35201010,Biotechnology,779533760.0,7632830.192584794,small_cap,False,False,EDGAR,2026-03-19
DRUG,Bright Minds Biosciences Inc.,NASDAQ,35202010,Pharmaceuticals,753679936.0,8846768.432552338,small_cap,False,False,EDGAR,2026-03-19
LXRX,"Lexicon Pharmaceuticals, Inc.",NASDAQ,35202010,Pharmaceuticals,708283328.0,3854002.0967909493,small_cap,False,False,EDGAR,2026-03-19
PROK,ProKidney Corp.,NASDAQ,35201010,Biotechnology,696431552.0,1393364.5386783283,small_cap,False,False,EDGAR,2026-03-19
JBIO,"Jade Biosciences, Inc.",NASDAQ,35202010,Pharmaceuticals,693852672.0,4267849.117938391,small_cap,False,False,EDGAR,2026-03-19
AGMB,AgomAb Therapeutics NV,NASDAQ,35201010,Biotechnology,664769664.0,3361909.708010878,small_cap,False,False,EDGAR,2026-03-19
ZURA,Zura Bio Limited,NASDAQ,35201010,Biotechnology,658472128.0,3335913.942746798,small_cap,False,False,EDGAR,2026-03-19
ESPR,"Esperion Therapeutics, Inc.",NASDAQ,35202010,Pharmaceuticals,651447872.0,13715920.889482116,small_cap,False,False,EDGAR,2026-03-19
VOR,Vor Biopharma Inc.,NASDAQ,35201010,Biotechnology,626119168.0,9711394.776404317,small_cap,False,False,EDGAR,2026-03-19
LBRX,LB Pharmaceuticals Inc,NASDAQ,35202010,Pharmaceuticals,602371584.0,5658182.706104279,small_cap,False,False,EDGAR,2026-03-19
ENGN,enGene Holdings Inc.,NASDAQ,35201010,Biotechnology,580463680.0,4026287.4403707343,small_cap,False,False,EDGAR,2026-03-19
OCGN,"Ocugen, Inc.",NASDAQ,35201010,Biotechnology,531895200.0,16442588.60338257,small_cap,False,False,EDGAR,2026-03-19
AQST,"Aquestive Therapeutics, Inc.",NASDAQ,35202010,Pharmaceuticals,516683200.0,9792404.92950309,small_cap,False,False,EDGAR,2026-03-19
CRMD,CorMedix Inc.,NASDAQ,35202010,Pharmaceuticals,507795424.0,11586739.030870883,small_cap,False,False,EDGAR,2026-03-19
CLYM,"Climb Bio, Inc.",NASDAQ,35202010,Pharmaceuticals,489905152.0,4002088.507027181,small_cap,False,False,EDGAR,2026-03-19
IMMX,"Immix Biopharma, Inc.",NASDAQ,35202010,Pharmaceuticals,488246304.0,6622519.595524343,small_cap,False,False,EDGAR,2026-03-19
EPRX,Eupraxia Pharmaceuticals Inc.,NASDAQ,35202010,Pharmaceuticals,467844096.0,2179112.6171443937,small_cap,False,False,EDGAR,2026-03-19
ETON,"Eton Pharmaceuticals, Inc.",NASDAQ,35202010,Pharmaceuticals,450400512.0,5308702.6306020105,small_cap,False,False,EDGAR,2026-03-19
ASMB,"Assembly Biosciences, Inc.",NASDAQ,35202010,Pharmaceuticals,449760352.0,2717538.0073525747,small_cap,False,False,EDGAR,2026-03-19
CGC,Canopy Growth Corporation,NASDAQ,35202010,Pharmaceuticals,445152256.0,10326354.227933249,small_cap,False,False,EDGAR,2026-03-19
NATR,"Nature's Sunshine Products, Inc",NASDAQ,35202010,Pharmaceuticals,442123296.0,3500256.7851720173,small_cap,False,False,EDGAR,2026-03-19
SIGA,SIGA Technologies Inc.,NASDAQ,35202010,Pharmaceuticals,414987520.0,3561427.706596804,small_cap,False,False,EDGAR,2026-03-19
STRO,"Sutro Biopharma, Inc.",NASDAQ,35201010,Biotechnology,414692672.0,3011936.869713847,small_cap,False,False,EDGAR,2026-03-19
CYRX,"CryoPort, Inc.",NASDAQ,35202010,Pharmaceuticals,404056032.0,3414140.794201565,small_cap,False,False,EDGAR,2026-03-19
NAGE,"Niagen Bioscience, Inc.",NASDAQ,35202010,Pharmaceuticals,403420000.0,7963771.111818441,small_cap,False,False,EDGAR,2026-03-19
DMAC,DiaMedica Therapeutics Inc.,NASDAQ,35202010,Pharmaceuticals,402558624.0,1533376.4757750193,small_cap,False,False,EDGAR,2026-03-19
SNDL,SNDL Inc.,NASDAQ,35202010,Pharmaceuticals,390112512.0,1842784.2944561164,small_cap,False,False,EDGAR,2026-03-19
BNTC,Benitec Biopharma Inc.,NASDAQ,35202010,Pharmaceuticals,389820864.0,2144264.6311805723,small_cap,False,False,EDGAR,2026-03-19
MNPR,Monopar Therapeutics Inc.,NASDAQ,35202010,Pharmaceuticals,380840480.0,12769487.72655487,small_cap,False,False,EDGAR,2026-03-19
STTK,"Shattuck Labs, Inc.",NASDAQ,35202010,Pharmaceuticals,379679072.0,2708958.9113785424,small_cap,False,False,EDGAR,2026-03-19
CBIO,"Crescent Biopharma, Inc.",NASDAQ,35202010,Pharmaceuticals,366274624.0,2138340.3807668686,small_cap,False,False,EDGAR,2026-03-19
FBRX,"Forte Biosciences, Inc.",NASDAQ,35202010,Pharmaceuticals,360650464.0,5482804.529036331,small_cap,False,False,EDGAR,2026-03-19
EOLS,"Evolus, Inc. Common Stock",NASDAQ,35202010,Pharmaceuticals,358777504.0,6585933.229313469,small_cap,False,False,EDGAR,2026-03-19
ORGO,Organogenesis Holdings Inc.,NASDAQ,35202010,Pharmaceuticals,356977888.0,2232234.909156879,small_cap,False,False,EDGAR,2026-03-19
IRD,"Opus Genetics, Inc.",NASDAQ,35202010,Pharmaceuticals,338614240.0,4936130.510807387,small_cap,False,False,EDGAR,2026-03-19
VACH,Voyager Acquisition Corp,NASDAQ,35201010,Biotechnology,338071232.0,1820556.11089681,small_cap,False,False,EDGAR,2026-03-19
ANL,Adlai Nortye Ltd.,NASDAQ,35202010,Pharmaceuticals,331364384.0,2431032.1119143805,small_cap,False,False,EDGAR,2026-03-19
USNA,"USANA Health Sciences, Inc.",NYSE,35202010,Pharmaceuticals,326953120.0,2748409.956332779,small_cap,False,False,EDGAR,2026-03-19
RLMD,"Relmada Therapeutics, Inc.",NASDAQ,35202010,Pharmaceuticals,326334624.0,14867341.487906361,small_cap,False,False,EDGAR,2026-03-19
XFOR,"X4 Pharmaceuticals, Inc.",NASDAQ,35201010,Biotechnology,325264480.0,2203673.112348588,small_cap,False,False,EDGAR,2026-03-19
XOMA,XOMA Royalty Corporation,NASDAQ,35202010,Pharmaceuticals,321960672.0,4069054.5781074525,small_cap,False,False,EDGAR,2026-03-19
AVTX,"Avalo Therapeutics, Inc.",NASDAQ,35202010,Pharmaceuticals,321011200.0,8806935.157553483,small_cap,False,False,EDGAR,2026-03-19
GLSI,"Greenwich LifeSciences, Inc.",NASDAQ,35202010,Pharmaceuticals,319000768.0,5119826.55860672,small_cap,False,False,EDGAR,2026-03-19
TARA,"Protara Therapeutics, Inc.",NASDAQ,35201010,Biotechnology,316700704.0,6850750.560544538,small_cap,False,False,EDGAR,2026-03-19
PBYI,Puma Biotechnology Inc,NASDAQ,35202010,Pharmaceuticals,305118144.0,2944459.191530609,small_cap,False,False,EDGAR,2026-03-19
AMRN,Amarin Corporation plc,NASDAQ,35202010,Pharmaceuticals,292345152.0,1301995.334631602,micro_cap,False,False,EDGAR,2026-03-19
ALXO,ALX Oncology Holdings Inc.,NASDAQ,35202010,Pharmaceuticals,291257600.0,1939366.348875936,micro_cap,False,False,EDGAR,2026-03-19
ALDX,"Aldeyra Therapeutics, Inc.",NASDAQ,35202010,Pharmaceuticals,289172352.0,8469735.421611838,micro_cap,False,False,EDGAR,2026-03-19
CNTX,Context Therapeutics Inc.,NASDAQ,35202010,Pharmaceuticals,287581824.0,2984917.645172405,micro_cap,False,False,EDGAR,2026-03-19
CHRS,"Coherus Oncology, Inc.",NASDAQ,35201010,Biotechnology,271289888.0,3163221.996120596,micro_cap,False,False,EDGAR,2026-03-19
KALA,"KALA BIO, Inc.",NASDAQ,35202010,Pharmaceuticals,263921248.0,4247011.445323029,micro_cap,False,False,EDGAR,2026-03-19
FENC,Fennec Pharmaceuticals Inc.,NASDAQ,35201010,Biotechnology,263152688.0,1058999.6610546112,micro_cap,False,False,EDGAR,2026-03-19
ABEO,Abeona Therapeutics Inc.,NASDAQ,35202010,Pharmaceuticals,262828096.0,6236556.491310151,micro_cap,False,False,EDGAR,2026-03-19
HELP,Cybin Inc.,NASDAQ,35202010,Pharmaceuticals,262443152.0,6371771.383003807,micro_cap,False,False,EDGAR,2026-03-19
LFCR,"Lifecore Biomedical, Inc.",NASDAQ,35202010,Pharmaceuticals,260953152.0,1519689.51404109,micro_cap,False,False,EDGAR,2026-03-19
NERV,"Minerva Neurosciences, Inc",NASDAQ,35202010,Pharmaceuticals,260079152.0,1375499.7672481379,micro_cap,False,False,EDGAR,2026-03-19
PALI,"Palisade Bio, Inc.",NASDAQ,35201010,Biotechnology,243947264.0,5934414.761791118,micro_cap,False,False,EDGAR,2026-03-19
IKT,"Inhibikase Therapeutics, Inc.",NASDAQ,35201010,Biotechnology,228588384.0,4900466.972789629,micro_cap,False,False,EDGAR,2026-03-19
ACHV,"Achieve Life Sciences, Inc.",NASDAQ,35203010,Life Science Tools & Services,228107632.0,1654892.7817160606,micro_cap,False,False,EDGAR,2026-03-19
SRZN,"Surrozen, Inc.",NASDAQ,35201010,Biotechnology,226971232.0,2307888.4959228514,micro_cap,False,False,EDGAR,2026-03-19
IPSC,"Century Therapeutics, Inc.",NASDAQ,35201010,Biotechnology,222446528.0,2507513.8627263703,micro_cap,False,False,EDGAR,2026-03-19
ELDN,"Eledon Pharmaceuticals, Inc.",NASDAQ,35202010,Pharmaceuticals,221372224.0,2706147.724162483,micro_cap,False,False,EDGAR,2026-03-19
ALEC,"Alector, Inc.",NASDAQ,35201010,Biotechnology,221276992.0,1892062.7349557083,micro_cap,False,False,EDGAR,2026-03-19
SLGL,Sol-Gel Technologies Ltd.,NASDAQ,35202010,Pharmaceuticals,220411472.0,2222919.424799601,micro_cap,False,False,EDGAR,2026-03-19
MDWD,MediWound Ltd.,NASDAQ,35202010,Pharmaceuticals,217813120.0,1401081.0474235534,micro_cap,False,False,EDGAR,2026-03-19
CAMP,CAMP4 THERAPEUTICS CORPORATION,NASDAQ,35202010,Pharmaceuticals,217641376.0,1687029.4324280422,micro_cap,False,False,EDGAR,2026-03-19
PLX,"Protalix BioTherapeutics, Inc. ",AMEX,35201010,Biotechnology,210703488.0,4288562.472147496,micro_cap,False,False,EDGAR,2026-03-19
ABOS,"Acumen Pharmaceuticals, Inc.",NASDAQ,35201010,Biotechnology,201103760.0,2033142.9563389143,micro_cap,False,False,EDGAR,2026-03-19
ELTX,"Elicio Therapeutics, Inc.",NASDAQ,35202010,Pharmaceuticals,200718128.0,1728810.9486529669,micro_cap,False,False,EDGAR,2026-03-19
ACB,Aurora Cannabis Inc.,NASDAQ,35202010,Pharmaceuticals,199333632.0,2934000.1782484055,micro_cap,False,False,EDGAR,2026-03-19
THAR,"Tharimmune, Inc.",NASDAQ,35202010,Pharmaceuticals,187371472.0,3008819.062466582,micro_cap,False,False,EDGAR,2026-03-19
SABS,"SAB Biotherapeutics, Inc.",NASDAQ,35201010,Biotechnology,179477824.0,2515588.296428919,micro_cap,False,False,EDGAR,2026-03-19
RNAC,"Cartesian Therapeutics, Inc.",NASDAQ,35202010,Pharmaceuticals,178904816.0,1897994.456999588,micro_cap,False,False,EDGAR,2026-03-19
NKTX,"Nkarta, Inc.",NASDAQ,35202010,Pharmaceuticals,177218624.0,1646921.3402810653,micro_cap,False,False,EDGAR,2026-03-19
CNTN,"Canton Strategic Holdings, Inc.",NASDAQ,35202010,Pharmaceuticals,176896064.0,3372640.2766756695,micro_cap,False,False,EDGAR,2026-03-19
HRTX,"Heron Therapeutics, Inc.",NASDAQ,35202010,Pharmaceuticals,176046368.0,2058023.1885709306,micro_cap,False,False,EDGAR,2026-03-19
TNXP,Tonix Pharmaceuticals Holding C,NASDAQ,35202010,Pharmaceuticals,171615904.0,4778306.864025688,micro_cap,False,False,EDGAR,2026-03-19
KPTI,Karyopharm Therapeutics Inc.,NASDAQ,35202010,Pharmaceuticals,160693168.0,6395849.471552086,micro_cap,False,False,EDGAR,2026-03-19
RANI,"Rani Therapeutics Holdings, Inc",NASDAQ,35202010,Pharmaceuticals,158825968.0,1165264.9973876,micro_cap,False,False,EDGAR,2026-03-19
FATE,"Fate Therapeutics, Inc.",NASDAQ,35201010,Biotechnology,155211712.0,2098219.7944882554,micro_cap,False,False,EDGAR,2026-03-19
IMUX,"Immunic, Inc.",NASDAQ,35202010,Pharmaceuticals,150355904.0,5375342.141242365,micro_cap,False,False,EDGAR,2026-03-19
ZNTL,"Zentalis Pharmaceuticals, Inc.",NASDAQ,35202010,Pharmaceuticals,148603040.0,1674279.4371726115,micro_cap,False,False,EDGAR,2026-03-19
MGNX,"MacroGenics, Inc.",NASDAQ,35202010,Pharmaceuticals,142015392.0,3545895.0909579275,micro_cap,False,False,EDGAR,2026-03-19
UNCY,"Unicycive Therapeutics, Inc.",NASDAQ,35202010,Pharmaceuticals,141735760.0,3184979.8867727914,micro_cap,False,False,EDGAR,2026-03-19
CRBP,Corbus Pharmaceuticals Holdings,NASDAQ,35202010,Pharmaceuticals,140950880.0,1702202.4568232854,micro_cap,False,False,EDGAR,2026-03-19
SGMO,"Sangamo Therapeutics, Inc.",NASDAQ,35201010,Biotechnology,140348176.0,2144833.187599452,micro_cap,False,False,EDGAR,2026-03-19
VTVT,vTv Therapeutics Inc.,NASDAQ,35202010,Pharmaceuticals,139642112.0,1854620.4677752177,micro_cap,False,False,EDGAR,2026-03-19
OVID,Ovid Therapeutics Inc.,NASDAQ,35202010,Pharmaceuticals,136371648.0,5888774.317152977,micro_cap,False,False,EDGAR,2026-03-19
MIST,Milestone Pharmaceuticals Inc.,NASDAQ,35202010,Pharmaceuticals,134993408.0,2510152.8674096586,micro_cap,False,False,EDGAR,2026-03-19
CRDF,"Cardiff Oncology, Inc.",NASDAQ,35201010,Biotechnology,129209800.0,1322729.4308613937,micro_cap,False,False,EDGAR,2026-03-19
INO,"Inovio Pharmaceuticals, Inc.",NASDAQ,35202010,Pharmaceuticals,120574424.0,1480724.351838847,micro_cap,False,False,EDGAR,2026-03-19
GANX,"Gain Therapeutics, Inc.",NASDAQ,35202010,Pharmaceuticals,117501672.0,1923180.1957731484,micro_cap,False,False,EDGAR,2026-03-19
ONCY,Oncolytics Biotech Inc.,NASDAQ,35202010,Pharmaceuticals,116214888.0,1554890.3094765185,micro_cap,False,False,EDGAR,2026-03-19
DTIL,"Precision BioSciences, Inc.",NASDAQ,35201010,Biotechnology,110970776.0,1477377.2825371742,micro_cap,False,False,EDGAR,2026-03-19
EQ,"Equillium, Inc.",NASDAQ,35202010,Pharmaceuticals,107781112.0,1116367.027451229,micro_cap,False,False,EDGAR,2026-03-19
AGEN,Agenus Inc.,NASDAQ,35201010,Biotechnology,106979376.0,1616631.4788671494,micro_cap,False,False,EDGAR,2026-03-19
KRRO,"Korro Bio, Inc.",NASDAQ,35202010,Pharmaceuticals,105191184.0,2632062.602454758,micro_cap,False,False,EDGAR,2026-03-19
FBIO,"Fortress Biotech, Inc.",NASDAQ,35202010,Pharmaceuticals,103045952.0,3408353.3293727715,micro_cap,False,False,EDGAR,2026-03-19
